{
    "rmse": 0.786828725370456,
    "mae": 0.6413418492811793,
    "r2": 0.05264897906165544
}